threshold,interval_min,duration_bin,nadir_bin,n_cases_total,n_clusters_total,bootstrap_cluster,bootstrap_reps,cases_with_episodes,reference_episodes,expected_detected_episodes,expected_missed_episodes,episode_detection_probability,episode_detection_ci_low,episode_detection_ci_high,complete_miss_probability,complete_miss_ci_low,complete_miss_ci_high,detection_with_1min_remaining_probability,detection_with_1min_remaining_probability_ci_low,detection_with_1min_remaining_probability_ci_high,detection_with_2min_remaining_probability,detection_with_2min_remaining_probability_ci_low,detection_with_2min_remaining_probability_ci_high,reference_auc_before_first_low_display_fraction,reference_auc_before_first_low_display_fraction_ci_low,reference_auc_before_first_low_display_fraction_ci_high,mean_detection_delay_min,mean_detection_delay_min_ci_low,mean_detection_delay_min_ci_high,mean_remaining_reference_time_min,mean_remaining_reference_time_min_ci_low,mean_remaining_reference_time_min_ci_high,mean_stale_display_after_recovery_min,mean_stale_display_after_recovery_min_ci_low,mean_stale_display_after_recovery_min_ci_high
55.0,5.0,1-<3 min,<55 mmHg,2435,2380,subjectid,1000,677,1113.0,452.9,660.1,0.40691823899371066,0.3942543089903426,0.4212190796540465,0.5930817610062893,0.5787809203459535,0.6057456910096575,0.25849056603773585,0.24289630108889237,0.27553719397363463,0.057172806229410005,0.04852841989876519,0.06583094295663501,0.7064217983732892,0.6774409906845975,0.7313266701954908,0.5567822182969014,0.5251402349800189,0.5895903517943999,1.160950418291995,1.1256197637750878,1.1954075475216792,2.1905865901229116,2.06125677803432,2.3101092047954657
55.0,5.0,3-<5 min,<55 mmHg,2435,2380,subjectid,1000,145,185.0,142.66666666666666,42.33333333333333,0.7711711711711711,0.7522106410308967,0.7873843904805679,0.2288288288288288,0.2126156095194321,0.24778935896910315,0.6239639639639639,0.602197747362418,0.6436634457910253,0.4500900900900901,0.4228156512605042,0.4756335282651072,0.5118063667812258,0.48488965689456687,0.5393137789750881,1.4729361370716512,1.397733960018284,1.552553903502281,2.2401479750778814,2.152699894790299,2.3151904499705633,1.970171339563863,1.7579122530759788,2.2076624331169032
55.0,5.0,>=5 min,<55 mmHg,2435,2380,subjectid,1000,80,109.0,109.0,0.0,1.0,1.0,1.0,0.0,0.0,0.0,0.9743119266055046,0.9656223060344827,0.9828864280947613,0.9061162079510703,0.885347619047619,0.9258576018024033,0.21745262145262145,0.18796487363449604,0.2505667570587148,1.9609582059123343,1.8432434284792774,2.08607222397587,5.85249745158002,5.298746047877145,6.415265277777777,1.293730886850153,1.0872289191543223,1.5104590702733376
60.0,5.0,1-<3 min,55-<60 mmHg,2435,2380,subjectid,1000,733,1297.0,552.0666666666667,744.9333333333334,0.4256489334361347,0.4138532615070248,0.43889155440178357,0.5743510665638654,0.5611084455982164,0.5861467384929753,0.28406579285530714,0.2699464590569418,0.30013319659061627,0.060421485479311234,0.05219612229679344,0.07024458226260093,0.6691418466120626,0.6545049788274577,0.6838156485325317,0.48256047981322703,0.45980495697273016,0.5089873653434014,1.177947510365093,1.1504403741285916,1.2092432929464938,2.0374250291832707,1.9245252747270747,2.147979269743365
60.0,5.0,1-<3 min,<55 mmHg,2435,2380,subjectid,1000,845,1478.0,674.1333333333333,803.8666666666667,0.45611186287776273,0.4454961456095002,0.46780115890981944,0.5438881371222373,0.5321988410901806,0.5545038543904998,0.31434370771312586,0.30123217612424025,0.3288150100172876,0.0972936400541272,0.08750541840744087,0.10755055237218747,0.6775700481586501,0.6561457297096468,0.6974941730937461,0.5654832542194093,0.5318609676145073,0.5964013656813117,1.3090140427215189,1.2799414019971875,1.3395028739843322,1.9573773734177216,1.8525153912181025,2.055788604363826
60.0,5.0,3-<5 min,55-<60 mmHg,2435,2380,subjectid,1000,162,194.0,152.06666666666666,41.93333333333334,0.7838487972508591,0.7658890524250069,0.8005244791666666,0.2161512027491409,0.1994755208333333,0.23411094757499298,0.6412371134020619,0.6200355478616845,0.6621874999999999,0.47577319587628863,0.4484985649731314,0.5029937810945274,0.4843299034251664,0.4602142908882144,0.5102298682346906,1.43467777290662,1.340352945422489,1.5236755990264714,2.3484582785328074,2.2468319580693876,2.4457224563084683,1.847398801695163,1.6680677104526662,2.0262051697577834
60.0,5.0,3-<5 min,<55 mmHg,2435,2380,subjectid,1000,366,496.0,388.56666666666666,107.43333333333334,0.7834005376344086,0.7730376918420396,0.7936733456381379,0.2165994623655914,0.2063266543618622,0.22696230815796034,0.6438172043010753,0.631621535336244,0.6569169714568308,0.47661290322580646,0.4615357598978289,0.4940890985324948,0.4925354699771979,0.4719958367502706,0.509802385613074,1.4437962883532067,1.3882123657833705,1.5018206747652356,2.3579680306539705,2.300506860272661,2.419848398363735,2.032541248463012,1.929783462792209,2.127679064057656
60.0,5.0,>=5 min,55-<60 mmHg,2435,2380,subjectid,1000,55,61.0,61.0,0.0,1.0,1.0,1.0,0.0,0.0,0.0,0.9628415300546448,0.949477819683908,0.9751266105370583,0.8677595628415301,0.837562656641604,0.8976878517047335,0.2873885452646799,0.25894686039461345,0.31520175052361227,1.9990892531876139,1.8630479302832244,2.126530504908836,4.544626593806922,4.17183859767025,4.964400631025662,1.3849726775956284,1.1107373737373738,1.6419400676937441
60.0,5.0,>=5 min,<55 mmHg,2435,2380,subjectid,1000,253,379.0,379.0,0.0,1.0,1.0,1.0,0.0,0.0,0.0,0.9752858399296394,0.970341575091575,0.9801499231950845,0.9129287598944591,0.9000846354166666,0.9244783983140148,0.18946811167270639,0.1728096887291613,0.20985063298521972,1.8587510993843448,1.7897133697744774,1.9349112698577078,6.6117854001759016,6.072412696704453,7.16831286564177,1.534154206977426,1.4272973513450147,1.6467610669472372
65.0,5.0,1-<3 min,55-<60 mmHg,2435,2380,subjectid,1000,857,1540.0,785.3,754.7,0.5099350649350649,0.49958171023949755,0.521797585938925,0.4900649350649351,0.47820241406107494,0.5004182897605024,0.38231601731601733,0.37018145766687993,0.39655158957227127,0.13103896103896104,0.12014825594269328,0.14230866582068455,0.5991699010317132,0.5865445028470111,0.6104476158124107,0.5097132023147559,0.4847600330363605,0.5347209901486886,1.4103527314402138,1.3829554231065617,1.4371661060574255,1.7916931958062736,1.6992145275891133,1.875239770099601
65.0,5.0,1-<3 min,60-<65 mmHg,2435,2380,subjectid,1000,1169,2597.0,1255.7,1341.3,0.4835194455140547,0.4748057373947603,0.4925183543745396,0.5164805544859453,0.5074816456254604,0.5251942626052397,0.35284302400205364,0.3419766279872563,0.3639621313089938,0.08119625208573995,0.07402513015991075,0.08841631502063191,0.6095864419268675,0.5986917313720155,0.6194820522770009,0.41758027837505424,0.39998355601067137,0.4356129375722311,1.2611292506171856,1.2398951030502747,1.2818376359266663,1.5861626538539815,1.5181300161096951,1.6524276087300716
65.0,5.0,1-<3 min,<55 mmHg,2435,2380,subjectid,1000,821,1301.0,631.5666666666666,669.4333333333333,0.48544709198052777,0.4706849890259068,0.4989893268408168,0.5145529080194722,0.5010106731591831,0.5293150109740932,0.35331796054317194,0.33564677587103486,0.37008020524856655,0.13630540609787342,0.12267960127957309,0.14934533770541233,0.6502929151859586,0.6281257549902112,0.6716303593655059,0.5023222673774212,0.4714191360160243,0.5373966978252116,1.4020865220527436,1.3671159314858001,1.4357563113925578,1.7100948259179112,1.6159630809230834,1.8198494559138867
65.0,5.0,3-<5 min,55-<60 mmHg,2435,2380,subjectid,1000,540,720.0,577.6666666666667,142.33333333333331,0.8023148148148149,0.7940324788480129,0.8106413430387986,0.19768518518518516,0.18935865696120138,0.20596752115198716,0.6777314814814814,0.6672250684814244,0.6890020114954014,0.53,0.5144734357010275,0.5450035773772387,0.43436881428849305,0.42167390937229704,0.44814440041391973,1.2832083092902482,1.2304977539115218,1.3426374227611202,2.538084246970571,2.4826003926397116,2.590022154168054,1.6599346028082322,1.574017561140831,1.7554579474228347
65.0,5.0,3-<5 min,60-<65 mmHg,2435,2380,subjectid,1000,413,527.0,421.1,105.9,0.7990512333965845,0.7893033011135235,0.8090861175826891,0.20094876660341557,0.1909138824173109,0.21069669888647638,0.6681214421252372,0.6552724046549141,0.6812767378995013,0.5148007590132827,0.4982865683265381,0.5323190714350964,0.4549874363839998,0.4404763919457857,0.46941210611664175,1.3197050054091135,1.2596933115937856,1.3776322376878423,2.4570173355497507,2.3999959588766546,2.5161984322399724,1.5921528272513787,1.470798541802308,1.7100285696826039
65.0,5.0,3-<5 min,<55 mmHg,2435,2380,subjectid,1000,491,684.0,553.5333333333333,130.46666666666664,0.8092592592592592,0.8012800508552937,0.8175505727707087,0.1907407407407407,0.18244942722929156,0.1987199491447064,0.6820662768031189,0.6719330224963359,0.6935624660134319,0.5272417153996102,0.5121430386178861,0.5435167321357366,0.4621134023608573,0.44588786777107303,0.4771735957476405,1.3696254365891847,1.3092260856059958,1.4275355822628435,2.5183869284194467,2.4620241648930445,2.5728092406867282,1.6844012204424104,1.5888055017749385,1.7672999700922585
65.0,5.0,>=5 min,55-<60 mmHg,2435,2380,subjectid,1000,511,729.0,729.0,0.0,1.0,1.0,1.0,0.0,0.0,0.0,0.9746227709190672,0.9708930988251696,0.9778091816543238,0.9121627800640146,0.9028925518554529,0.9204672445042875,0.19770730401592146,0.1879152043197024,0.20776264729904295,1.838766956256668,1.7856779100529099,1.8930546954324223,6.161918914799573,5.878113247625457,6.426354443640332,1.5084362139917695,1.4275474859918933,1.5881606632129943
65.0,5.0,>=5 min,60-<65 mmHg,2435,2380,subjectid,1000,186,214.0,214.0,0.0,1.0,1.0,1.0,0.0,0.0,0.0,0.9725856697819315,0.9661940706509593,0.9785853625640648,0.8968847352024922,0.881479700854701,0.912501965408805,0.22458222028949493,0.20542777723579278,0.24484188739895568,1.8583333333333334,1.7663823088609674,1.9418618392664508,5.41892523364486,5.039988867090185,5.806922539690915,1.430036344755971,1.2971318827371456,1.5660221036585367
65.0,5.0,>=5 min,<55 mmHg,2435,2380,subjectid,1000,546,875.0,875.0,0.0,1.0,1.0,1.0,0.0,0.0,0.0,0.9834666666666667,0.9803990028267623,0.9859595297808244,0.9366476190476191,0.9287031307273229,0.943585513486311,0.15693625723351023,0.14347385111341668,0.1707379810758174,1.7785333333333333,1.7290018315802698,1.8274288295147063,7.930228571428572,7.3801961632290976,8.537336895983922,1.480584126984127,1.4081130554836534,1.5536693925052876
