analysis,analysis_role,outcome_definition,baseline_definition,map_threshold_mm_hg,display_interval_min,exposure,exposure_scale,population,adjustment_sequence,n_cases,n_subjects,events,n_parameters,relative_risk,ci_low,ci_high,p_value,positive_adverse_association_supported,reference_burden_adjustment,covariate_adjustment,variance_estimator,causal_boundary,aic,log_likelihood,formula,term,coefficient,standard_error
HDR65 incremental model,secondary compositional incremental model,creatinine-defined KDIGO AKI through postoperative day 7,VitalDB preop_cr clinical-information field,65.0,5.0,hidden-deficit ratio at MAP <65 mm Hg,per 10-percentage-point increase,cases with reference AUC >0,clinical_plus_reference,2205,2161,104,17,0.8669424561983137,0.7422772962660598,1.0125450773450135,0.07145534458840262,False,quadratic B-spline (3 df) of log(1 + reference AUC per anaesthesia-hour),"age, sex, body mass index, ASA Physical Status >=3, emergency surgery, hypertension, diabetes, baseline creatinine, anaesthesia duration, and surgical department",subject-cluster robust sandwich,Exploratory association under counterfactual display emulation; not a causal effect of monitoring frequency,772.4157580624169,-369.20787903120845,"aki ~ age10 + male + bmi5 + asa_high + emop + preop_htn + preop_dm + baseline_cr05 + duration_hr + C(department) + bs(log_true_twa, df=3, degree=2, include_intercept=False) + hdr10",hdr10,-0.1427826755711402,0.07921049398756586
MAP <60 mm Hg threshold,threshold sensitivity,creatinine-defined KDIGO AKI through postoperative day 7,VitalDB preop_cr clinical-information field,60.0,5.0,hidden-deficit ratio at MAP <60 mm Hg,per 10-percentage-point increase,cases with reference AUC >0,clinical_plus_reference,2162,2120,99,17,0.8273743286977411,0.6773937676627332,1.0105618215974888,0.06331042545064056,False,quadratic B-spline (3 df) of log(1 + reference AUC per anaesthesia-hour),"age, sex, body mass index, ASA Physical Status >=3, emergency surgery, hypertension, diabetes, baseline creatinine, anaesthesia duration, and surgical department",subject-cluster robust sandwich,Exploratory association under counterfactual display emulation; not a causal effect of monitoring frequency,746.5850870057606,-356.2925435028803,"aki ~ age10 + male + bmi5 + asa_high + emop + preop_htn + preop_dm + baseline_cr05 + duration_hr + C(department) + bs(log_true_twa, df=3, degree=2, include_intercept=False) + hdr10",hdr10,-0.18949805190734242,0.10204498077048489
MAP <55 mm Hg threshold,threshold sensitivity,creatinine-defined KDIGO AKI through postoperative day 7,VitalDB preop_cr clinical-information field,55.0,5.0,hidden-deficit ratio at MAP <55 mm Hg,per 10-percentage-point increase,cases with reference AUC >0,clinical_plus_reference,2081,2043,92,17,0.8018186510558314,0.6132846439133286,1.0483111807245113,0.10631335431461544,False,quadratic B-spline (3 df) of log(1 + reference AUC per anaesthesia-hour),"age, sex, body mass index, ASA Physical Status >=3, emergency surgery, hypertension, diabetes, baseline creatinine, anaesthesia duration, and surgical department",subject-cluster robust sandwich,Exploratory association under counterfactual display emulation; not a causal effect of monitoring frequency,712.1580150690959,-339.07900753454794,"aki ~ age10 + male + bmi5 + asa_high + emop + preop_htn + preop_dm + baseline_cr05 + duration_hr + C(department) + bs(log_true_twa, df=3, degree=2, include_intercept=False) + hdr10",hdr10,-0.2208728175628186,0.13676439448573421
Pre-display AUC fraction,actionability metric sensitivity,creatinine-defined KDIGO AKI through postoperative day 7,VitalDB preop_cr clinical-information field,65.0,5.0,reference episode AUC accrued before first low display,per 10-percentage-point increase,cases with reference AUC >0,clinical_plus_reference,1765,1727,88,17,0.8581579479055426,0.7521113765011717,0.9791569261714321,0.023029471171748167,False,quadratic B-spline (3 df) of log(1 + reference AUC per anaesthesia-hour),"age, sex, body mass index, ASA Physical Status >=3, emergency surgery, hypertension, diabetes, baseline creatinine, anaesthesia duration, and surgical department",subject-cluster robust sandwich,Exploratory association under counterfactual display emulation; not a causal effect of monitoring frequency,646.5992490136479,-306.29962450682393,"aki ~ age10 + male + bmi5 + asa_high + emop + preop_htn + preop_dm + baseline_cr05 + duration_hr + C(department) + bs(log_true_twa, df=3, degree=2, include_intercept=False) + predisplay10",predisplay10,-0.1529671079683792,0.06729906876947422
AKI within 48 h,outcome-window sensitivity,creatinine-defined AKI within 48 h,VitalDB preop_cr clinical-information field,65.0,5.0,hidden-deficit ratio at MAP <65 mm Hg,per 10-percentage-point increase,cases with reference AUC >0,clinical_plus_reference,2185,2141,93,17,0.8458066291672085,0.7160653286691084,0.9990552890932871,0.04871373512118281,False,quadratic B-spline (3 df) of log(1 + reference AUC per anaesthesia-hour),"age, sex, body mass index, ASA Physical Status >=3, emergency surgery, hypertension, diabetes, baseline creatinine, anaesthesia duration, and surgical department",subject-cluster robust sandwich,Exploratory association under counterfactual display emulation; not a causal effect of monitoring frequency,698.337759556001,-332.1688797780005,"aki ~ age10 + male + bmi5 + asa_high + emop + preop_htn + preop_dm + baseline_cr05 + duration_hr + C(department) + bs(log_true_twa, df=3, degree=2, include_intercept=False) + hdr10",hdr10,-0.1674645162265228,0.08496041769782542
Latest laboratory baseline within 90 d,baseline-definition sensitivity,creatinine-defined KDIGO AKI through postoperative day 7,latest measured creatinine within 90 d before anaesthesia start,65.0,5.0,hidden-deficit ratio at MAP <65 mm Hg,per 10-percentage-point increase,cases with reference AUC >0,clinical_plus_reference,1809,1763,88,17,0.9386936805952423,0.7870658003556934,1.1195326052678598,0.48153753307103686,False,quadratic B-spline (3 df) of log(1 + reference AUC per anaesthesia-hour),"age, sex, body mass index, ASA Physical Status >=3, emergency surgery, hypertension, diabetes, baseline creatinine, anaesthesia duration, and surgical department",subject-cluster robust sandwich,Exploratory association under counterfactual display emulation; not a causal effect of monitoring frequency,635.3787944409819,-300.68939722049095,"aki ~ age10 + male + bmi5 + asa_high + emop + preop_htn + preop_dm + baseline_cr05 + duration_hr + C(department) + bs(log_true_twa, df=3, degree=2, include_intercept=False) + hdr10",hdr10,-0.06326607174319564,0.08988805642036297
At least two postoperative creatinine values,outcome-ascertainment sensitivity,creatinine-defined KDIGO AKI through postoperative day 7,VitalDB preop_cr clinical-information field,65.0,5.0,hidden-deficit ratio at MAP <65 mm Hg,per 10-percentage-point increase,cases with reference AUC >0,clinical_plus_reference,1970,1929,101,17,0.8487346693229139,0.729495981035457,0.9874633413171107,0.03372936741481079,False,quadratic B-spline (3 df) of log(1 + reference AUC per anaesthesia-hour),"age, sex, body mass index, ASA Physical Status >=3, emergency surgery, hypertension, diabetes, baseline creatinine, anaesthesia duration, and surgical department",subject-cluster robust sandwich,Exploratory association under counterfactual display emulation; not a causal effect of monitoring frequency,739.9901594558071,-352.99507972790354,"aki ~ age10 + male + bmi5 + asa_high + emop + preop_htn + preop_dm + baseline_cr05 + duration_hr + C(department) + bs(log_true_twa, df=3, degree=2, include_intercept=False) + hdr10",hdr10,-0.16400866292577798,0.07724262206202236
Exclude baseline creatinine >=4 mg/dL,advanced-kidney-dysfunction sensitivity,creatinine-defined KDIGO AKI through postoperative day 7,VitalDB preop_cr; baseline creatinine <4 mg/dL,65.0,5.0,hidden-deficit ratio at MAP <65 mm Hg,per 10-percentage-point increase,cases with reference AUC >0,clinical_plus_reference,2188,2144,97,17,0.8628692036163075,0.7261300751029468,1.0253579738366894,0.09383766991058771,False,quadratic B-spline (3 df) of log(1 + reference AUC per anaesthesia-hour),"age, sex, body mass index, ASA Physical Status >=3, emergency surgery, hypertension, diabetes, baseline creatinine, anaesthesia duration, and surgical department",subject-cluster robust sandwich,Exploratory association under counterfactual display emulation; not a causal effect of monitoring frequency,743.1028462197348,-354.5514231098674,"aki ~ age10 + male + bmi5 + asa_high + emop + preop_htn + preop_dm + baseline_cr05 + duration_hr + C(department) + bs(log_true_twa, df=3, degree=2, include_intercept=False) + hdr10",hdr10,-0.14749215950525826,0.08802914505215276
One case per subject,independence sensitivity,creatinine-defined KDIGO AKI through postoperative day 7,VitalDB preop_cr clinical-information field,65.0,5.0,hidden-deficit ratio at MAP <65 mm Hg,per 10-percentage-point increase,cases with reference AUC >0,clinical_plus_reference,2158,2158,99,17,0.8575289651703699,0.7304900347254003,1.00666113314276,0.060270536655669185,False,quadratic B-spline (3 df) of log(1 + reference AUC per anaesthesia-hour),"age, sex, body mass index, ASA Physical Status >=3, emergency surgery, hypertension, diabetes, baseline creatinine, anaesthesia duration, and surgical department",subject-cluster robust sandwich,Exploratory association under counterfactual display emulation; not a causal effect of monitoring frequency,743.9592138688604,-354.9796069344302,"aki ~ age10 + male + bmi5 + asa_high + emop + preop_htn + preop_dm + baseline_cr05 + duration_hr + C(department) + bs(log_true_twa, df=3, degree=2, include_intercept=False) + hdr10",hdr10,-0.15370032188818886,0.0818073030823183
