strategy,definition,threshold,n_cases,true_auc_total,display_auc_total,hidden_auc_total,overdisplay_auc_total,HDR,ODR,NetBias,measurement_burden,sample_count_total,trigger_count_total,selected_continuous_cases,HDR65,ODR65,hdr_reduction_vs_5min,relative_hdr_reduction_vs_5min,extra_measurements_per_hour,cost_domain,extra_cuff_inflations_per_hour,modality_burden_note,pareto_optimal,scenario_role,phase_convention,analysis_sample,comparison_baseline
fixed_2_5min,Fixed every 2.5 min,65.0,2435,262221.8333333333,259939.5833333333,122288.33333333331,120006.08333333331,0.4663545051867662,0.4576509965163084,-0.0087035086704577,24.0,232789,0,0,0.4663545051867662,0.4576509965163084,0.1278094056495423,0.2151079917823444,12.0,cuff_cadence,12.0,,False,hypothesis-generating monitoring policy scenario,start_anchored_offset_0,same 2435-case primary arterial-series cohort,fixed_5min_reference under the same start-anchored convention
fixed_3min,Fixed every 3 min,65.0,2435,262221.8333333333,260323.0833333333,131129.66666666666,129230.91666666666,0.5000715043433327,0.49283049784184,-0.0072410065014926,20.0,194264,0,0,0.5000715043433327,0.49283049784184,0.0940924064929757,0.1583610259339668,8.0,cuff_cadence,8.0,,True,hypothesis-generating monitoring policy scenario,start_anchored_offset_0,same 2435-case primary arterial-series cohort,fixed_5min_reference under the same start-anchored convention
fixed_5min_reference,Fixed every 5 min,65.0,2435,262221.8333333333,259725.66666666663,155802.75,153306.58333333334,0.5941639108363085,0.5846446170576949,-0.0095192937786136,12.0,116953,0,0,0.5941639108363085,0.5846446170576949,0.0,0.0,0.0,cuff_cadence,0.0,,True,hypothesis-generating monitoring policy scenario,start_anchored_offset_0,same 2435-case primary arterial-series cohort,fixed_5min_reference under the same start-anchored convention
induction_intensified_first20min,"1-min sampling for first 20 min, then 5-min",65.0,2435,262221.8333333333,267720.4166666666,133556.5,139055.0833333333,0.5093263909501561,0.5302955957773666,0.0209692048272104,16.95111477605436,155913,0,0,0.5093263909501561,0.5302955957773666,0.0848375198861524,0.1427847069451598,4.951114776054361,cuff_cadence,4.951114776054361,,True,hypothesis-generating monitoring policy scenario,start_anchored_offset_0,same 2435-case primary arterial-series cohort,fixed_5min_reference under the same start-anchored convention
selective_continuous_top20_oof,"OOF high-hidden-risk top 20 percent continuous reference, others 5-min",65.0,2435,262221.8333333333,262448.1666666666,103189.5,103415.83333333331,0.3935198632709837,0.3943830001442799,0.0008631368732961,12.0,1175731,0,487,0.3935198632709837,0.3943830001442799,0.2006440475653247,0.3376914078859326,0.0,modality_change,,Continuous/reference monitoring changes device/staffing/insertion burden; not comparable as zero-cost cuff cadence.,False,hypothesis-generating monitoring policy scenario,start_anchored_offset_0,same 2435-case primary arterial-series cohort,fixed_5min_reference under the same start-anchored convention
threshold_triggered_adaptive,Rule-based 1-min escalation after displayed MAP <70,65.0,2435,262221.8333333333,191500.41666666663,117483.91666666666,46762.5,0.4480325500482733,0.1783318322717851,-0.2697007177764882,20.81970167278465,202242,65982,0,0.4480325500482733,0.1783318322717851,0.1461313607880351,0.245944524941526,8.81970167278465,cuff_cadence,8.81970167278465,,True,hypothesis-generating monitoring policy scenario,start_anchored_offset_0,same 2435-case primary arterial-series cohort,fixed_5min_reference under the same start-anchored convention
trend_triggered_adaptive,Rule-based 1-min escalation after a >=8-mm Hg fall or MAP <75,65.0,2435,262221.8333333333,211240.91666666663,106251.33333333334,55270.416666666664,0.4051963636386749,0.2107773253053553,-0.1944190383333196,27.88529822636406,271759,141414,0,0.4051963636386749,0.2107773253053553,0.1889675471976335,0.3180394227102324,15.88529822636406,cuff_cadence,15.88529822636406,,True,hypothesis-generating monitoring policy scenario,start_anchored_offset_0,same 2435-case primary arterial-series cohort,fixed_5min_reference under the same start-anchored convention
universal_1min_proxy,Fixed every 1 min proxy,65.0,2435,262221.8333333333,258547.5,79110.08333333331,75435.75,0.3016914431864623,0.2876791342699025,-0.0140123089165597,60.0,580271,0,0,0.3016914431864623,0.2876791342699025,0.2924724676498462,0.4922420603401845,48.0,cuff_cadence,48.0,,True,hypothesis-generating monitoring policy scenario,start_anchored_offset_0,same 2435-case primary arterial-series cohort,fixed_5min_reference under the same start-anchored convention
universal_continuous_reference,All cases continuously observed; theoretical upper reference,65.0,2435,262221.8333333333,262221.8333333333,0.0,0.0,0.0,0.0,0.0,,3476213,0,2435,0.0,0.0,0.5941639108363085,1.0,,modality_change,,Continuous/reference monitoring changes device/staffing/insertion burden; not comparable as zero-cost cuff cadence.,True,hypothesis-generating monitoring policy scenario,start_anchored_offset_0,same 2435-case primary arterial-series cohort,fixed_5min_reference under the same start-anchored convention
