strategy,measurement_burden,extra_measurements_per_hour,relative_hdr_reduction_vs_5min,target_population_n,scenario_role,estimated_extra_measurements_per_hour_population
fixed_2_5min,24.0,12.0,0.2151079917823444,89576,INSPIRE target-population resource scenario,1074912.0
fixed_3min,20.0,8.0,0.1583610259339668,89576,INSPIRE target-population resource scenario,716608.0
fixed_5min_reference,12.0,0.0,0.0,89576,INSPIRE target-population resource scenario,0.0
induction_intensified_first20min,16.95111477605436,4.951114776054361,0.1427847069451598,89576,INSPIRE target-population resource scenario,443501.0571798454
selective_continuous_top20_oof,12.0,0.0,0.3376914078859326,89576,INSPIRE target-population resource scenario,0.0
threshold_triggered_adaptive,20.81970167278465,8.81970167278465,0.245944524941526,89576,INSPIRE target-population resource scenario,790033.5970413578
trend_triggered_adaptive,27.88529822636406,15.88529822636406,0.3180394227102324,89576,INSPIRE target-population resource scenario,1422941.473924787
universal_1min_proxy,60.0,48.0,0.4922420603401845,89576,INSPIRE target-population resource scenario,4299648.0
universal_continuous_reference,,,1.0,89576,INSPIRE target-population resource scenario,0.0
