strategy,definition,threshold,n_cases,true_auc_total,display_auc_total,hidden_auc_total,overdisplay_auc_total,HDR,ODR,NetBias,measurement_burden,sample_count_total,trigger_count_total,selected_continuous_cases,HDR65,ODR65,hdr_reduction_vs_5min,relative_hdr_reduction_vs_5min,extra_measurements_per_hour,cost_domain,extra_cuff_inflations_per_hour,modality_burden_note
fixed_2_5min,Fixed every 2.5 min,55.0,2435,65826.83333333333,63671.25,44558.416666666664,42402.83333333333,0.67690354237507,0.6441572712242475,-0.03274627115082253,24.0,232789,0,0,,,,,12.0,cuff_cadence,12.0,
fixed_2_5min,Fixed every 2.5 min,60.0,2435,120110.5,117707.5,71099.41666666666,68696.41666666666,0.5919500515497534,0.5719434742729957,-0.020006577276757653,24.0,232789,0,0,,,,,12.0,cuff_cadence,12.0,
fixed_2_5min,Fixed every 2.5 min,65.0,2435,262221.8333333333,259939.5833333333,122288.33333333333,120006.08333333333,0.4663545051867662,0.4576509965163084,-0.008703508670457775,24.0,232789,0,0,0.4663545051867662,0.4576509965163084,0.1278094056495423,0.21510799178234447,12.0,cuff_cadence,12.0,
fixed_3min,Fixed every 3 min,55.0,2435,65826.83333333333,64848.08333333333,46430.416666666664,45451.666666666664,0.7053417932403453,0.6904732365980438,-0.014868556642301392,20.0,194264,0,0,,,,,8.0,cuff_cadence,8.0,
fixed_3min,Fixed every 3 min,60.0,2435,120110.5,118938.33333333333,74933.58333333333,73761.41666666666,0.6238720456024521,0.6141129765230072,-0.00975906907944494,20.0,194264,0,0,,,,,8.0,cuff_cadence,8.0,
fixed_3min,Fixed every 3 min,65.0,2435,262221.8333333333,260323.0833333333,131129.66666666666,129230.91666666666,0.5000715043433327,0.49283049784184,-0.007241006501492693,20.0,194264,0,0,0.5000715043433327,0.49283049784184,0.09409240649297579,0.1583610259339668,8.0,cuff_cadence,8.0,
fixed_5min_reference,Fixed every 5 min,55.0,2435,65826.83333333333,64605.416666666664,51703.58333333333,50482.166666666664,0.78544843668109,0.7668934401118085,-0.018554996569281487,12.0,116953,0,0,,,,,0.0,cuff_cadence,0.0,
fixed_5min_reference,Fixed every 5 min,60.0,2435,120110.5,118322.33333333333,85546.24999999999,83758.08333333333,0.7122295719358422,0.6973418921187851,-0.014887679817057268,12.0,116953,0,0,,,,,0.0,cuff_cadence,0.0,
fixed_5min_reference,Fixed every 5 min,65.0,2435,262221.8333333333,259725.66666666666,155802.75,153306.58333333334,0.5941639108363085,0.5846446170576949,-0.009519293778613618,12.0,116953,0,0,0.5941639108363085,0.5846446170576949,0.0,0.0,0.0,cuff_cadence,0.0,
induction_intensified_first20min,"1-min sampling for first 20 min, then 5-min",55.0,2435,65826.83333333333,67935.58333333333,41155.5,43264.25,0.625208564896281,0.6572433733963607,0.03203480850007976,16.95111477605436,155913,0,0,,,,,4.951114776054361,cuff_cadence,4.951114776054361,
induction_intensified_first20min,"1-min sampling for first 20 min, then 5-min",60.0,2435,120110.5,123297.33333333333,70507.41666666666,73694.25,0.5870212568149051,0.6135537692374938,0.026532512422588726,16.95111477605436,155913,0,0,,,,,4.951114776054361,cuff_cadence,4.951114776054361,
induction_intensified_first20min,"1-min sampling for first 20 min, then 5-min",65.0,2435,262221.8333333333,267720.4166666666,133556.5,139055.0833333333,0.5093263909501561,0.5302955957773666,0.020969204827210475,16.95111477605436,155913,0,0,0.5093263909501561,0.5302955957773666,0.0848375198861524,0.14278470694515985,4.951114776054361,cuff_cadence,4.951114776054361,
selective_continuous_top20_oof,"OOF high-hidden-risk top 20 percent continuous reference, others 5-min",55.0,2435,65826.83333333333,65585.33333333333,36379.58333333333,36138.08333333333,0.5526558318416248,0.5489871151835244,-0.0036687166581004203,12.0,1175731,0,487,,,,,0.0,modality_change,,Continuous/reference monitoring changes device/staffing/insertion burden; not comparable as zero-cost cuff cadence.
selective_continuous_top20_oof,"OOF high-hidden-risk top 20 percent continuous reference, others 5-min",60.0,2435,120110.5,119891.5,58260.166666666664,58041.16666666666,0.4850547343210349,0.48323141329581226,-0.001823321025222668,12.0,1175731,0,487,,,,,0.0,modality_change,,Continuous/reference monitoring changes device/staffing/insertion burden; not comparable as zero-cost cuff cadence.
selective_continuous_top20_oof,"OOF high-hidden-risk top 20 percent continuous reference, others 5-min",65.0,2435,262221.8333333333,262448.1666666666,103189.5,103415.83333333333,0.3935198632709837,0.3943830001442799,0.000863136873296192,12.0,1175731,0,487,0.3935198632709837,0.3943830001442799,0.20064404756532478,0.33769140788593266,0.0,modality_change,,Continuous/reference monitoring changes device/staffing/insertion burden; not comparable as zero-cost cuff cadence.
threshold_triggered_adaptive,Rule-based 1-min escalation after displayed MAP <70,55.0,2435,65826.83333333333,33672.666666666664,46250.0,14095.833333333332,0.7026010163028755,0.21413506650023673,-0.4884659498026388,20.81970167278465,202242,65982,0,,,,,8.81970167278465,cuff_cadence,8.81970167278465,
threshold_triggered_adaptive,Rule-based 1-min escalation after displayed MAP <70,60.0,2435,120110.5,75074.58333333333,70050.66666666666,25014.75,0.5832185085123004,0.2082644731309919,-0.3749540353813085,20.81970167278465,202242,65982,0,,,,,8.81970167278465,cuff_cadence,8.81970167278465,
threshold_triggered_adaptive,Rule-based 1-min escalation after displayed MAP <70,65.0,2435,262221.8333333333,191500.41666666666,117483.91666666666,46762.5,0.44803255004827336,0.17833183227178517,-0.2697007177764882,20.81970167278465,202242,65982,0,0.44803255004827336,0.17833183227178517,0.14613136078803513,0.24594452494152605,8.81970167278465,cuff_cadence,8.81970167278465,
trend_triggered_adaptive,Rule-based 1-min escalation after a >=8-mm Hg fall or MAP <75,55.0,2435,65826.83333333333,39653.416666666664,44410.75,18237.333333333336,0.6746602829140093,0.27705013912766074,-0.3976101437863485,27.88529822636406,271759,141414,0,,,,,15.88529822636406,cuff_cadence,15.88529822636406,
trend_triggered_adaptive,Rule-based 1-min escalation after a >=8-mm Hg fall or MAP <75,60.0,2435,120110.5,84649.91666666667,66179.41666666666,30718.83333333333,0.5509877709831086,0.2557547702601632,-0.29523300072294534,27.88529822636406,271759,141414,0,,,,,15.88529822636406,cuff_cadence,15.88529822636406,
trend_triggered_adaptive,Rule-based 1-min escalation after a >=8-mm Hg fall or MAP <75,65.0,2435,262221.8333333333,211240.91666666666,106251.33333333334,55270.416666666664,0.40519636363867495,0.21077732530535534,-0.1944190383333196,27.88529822636406,271759,141414,0,0.40519636363867495,0.21077732530535534,0.18896754719763353,0.3180394227102324,15.88529822636406,cuff_cadence,15.88529822636406,
universal_1min_proxy,Fixed every 1 min proxy,55.0,2435,65826.83333333333,63081.08333333333,32142.916666666664,29397.166666666664,0.48829504685272723,0.4465833335443246,-0.041711713308402606,60.0,580271,0,0,,,,,48.0,cuff_cadence,48.0,
universal_1min_proxy,Fixed every 1 min proxy,60.0,2435,120110.5,117077.83333333333,48780.666666666664,45748.0,0.40613157606259787,0.3808826039355427,-0.025248972127055205,60.0,580271,0,0,,,,,48.0,cuff_cadence,48.0,
universal_1min_proxy,Fixed every 1 min proxy,65.0,2435,262221.8333333333,258547.5,79110.08333333331,75435.75,0.3016914431864623,0.28767913426990255,-0.014012308916559761,60.0,580271,0,0,0.3016914431864623,0.28767913426990255,0.2924724676498462,0.49224206034018453,48.0,cuff_cadence,48.0,
universal_continuous_reference,All cases continuously observed; theoretical upper reference,55.0,2435,65826.83333333333,65826.83333333333,0.0,0.0,0.0,0.0,0.0,,3476213,0,2435,,,,,,modality_change,,Continuous/reference monitoring changes device/staffing/insertion burden; not comparable as zero-cost cuff cadence.
universal_continuous_reference,All cases continuously observed; theoretical upper reference,60.0,2435,120110.5,120110.5,0.0,0.0,0.0,0.0,0.0,,3476213,0,2435,,,,,,modality_change,,Continuous/reference monitoring changes device/staffing/insertion burden; not comparable as zero-cost cuff cadence.
universal_continuous_reference,All cases continuously observed; theoretical upper reference,65.0,2435,262221.8333333333,262221.8333333333,0.0,0.0,0.0,0.0,0.0,,3476213,0,2435,0.0,0.0,0.5941639108363085,1.0,,modality_change,,Continuous/reference monitoring changes device/staffing/insertion burden; not comparable as zero-cost cuff cadence.
